-- Climb On Victoria starter catalog.
--
-- Yes: this is where you can edit crags, walls, and routes for now.
-- Later the app should get an admin/data-entry screen, but this seed is the
-- fastest clean way to manage a bigger starter catalog.
--
-- Safe to rerun: it upserts by stable UUIDs instead of duplicating rows.

begin;

-- Stable crag IDs.
insert into public.crags (
  id,
  name,
  province,
  region,
  location,
  parking_location,
  approach_trail,
  access_notes,
  season,
  danger_info
) values
  (
    '10000000-0000-0000-0000-000000000001',
    'Mount Macdonald',
    'BC',
    'Victoria',
    st_setsrid(st_makepoint(-123.56344, 48.43989), 4326)::geography,
    st_setsrid(st_makepoint(-123.5600993545882, 48.439309497252744), 4326)::geography,
    'Main pullout trail to the cliff band.',
    'Respect local access and stay on established paths.',
    'Spring through fall',
    'Loose gravel after rain. Helmets recommended.'
  ),
  (
    '10000000-0000-0000-0000-000000000002',
    'Mount Wells',
    'BC',
    'Victoria',
    st_setsrid(st_makepoint(-123.55990, 48.43912), 4326)::geography,
    st_setsrid(st_makepoint(-123.5600993545882, 48.439309497252744), 4326)::geography,
    'Shared parking, then low trail east to the North Face.',
    'Stay on durable surfaces and avoid blocking the pullout.',
    'Spring through fall',
    'Can seep after rain. Inspect rock quality before leading.'
  ),
  (
    '10000000-0000-0000-0000-000000000003',
    'Fleming Beach',
    'BC',
    'Victoria',
    st_setsrid(st_makepoint(-123.39920, 48.41490), 4326)::geography,
    st_setsrid(st_makepoint(-123.39895, 48.41470), 4326)::geography,
    'Short walk from the park parking area to the waterfront walls.',
    'Check park rules and avoid climbing near active marine traffic.',
    'Dry winter days through fall',
    'Tides, wet rock, and polished feet can change conditions quickly.'
  ),
  (
    '10000000-0000-0000-0000-000000000004',
    'Thetis Lake Boulders',
    'BC',
    'Victoria',
    st_setsrid(st_makepoint(-123.46970, 48.45750), 4326)::geography,
    st_setsrid(st_makepoint(-123.46680, 48.45570), 4326)::geography,
    'Follow lakeside trails and look for side paths to the boulder clusters.',
    'Respect other park users and keep pads clear of main trails.',
    'Spring through fall',
    'Uneven landings and wet moss after rain.'
  ),
  (
    '10000000-0000-0000-0000-000000000005',
    'Goldstream Bluffs',
    'BC',
    'Victoria',
    st_setsrid(st_makepoint(-123.54980, 48.46440), 4326)::geography,
    st_setsrid(st_makepoint(-123.54890, 48.46360), 4326)::geography,
    'Forest trail from parking to short cliff bands.',
    'Seasonal closures and park rules may apply. Confirm before visiting.',
    'Late spring through early fall',
    'Loose ledges, wet trees, and slippery approach sections.'
  ),
  (
    '10000000-0000-0000-0000-000000000006',
    'Sooke Roadside',
    'BC',
    'Greater Victoria',
    st_setsrid(st_makepoint(-123.62050, 48.41460), 4326)::geography,
    st_setsrid(st_makepoint(-123.61970, 48.41410), 4326)::geography,
    'Short roadside approach. Park fully off the road.',
    'Be discreet, keep noise down, and avoid blocking pullouts.',
    'Spring through fall',
    'Traffic exposure near parking and loose gravel at the base.'
  )
on conflict (id) do update set
  name = excluded.name,
  province = excluded.province,
  region = excluded.region,
  location = excluded.location,
  parking_location = excluded.parking_location,
  approach_trail = excluded.approach_trail,
  access_notes = excluded.access_notes,
  season = excluded.season,
  danger_info = excluded.danger_info;

-- Stable wall IDs.
insert into public.walls (id, crag_id, name) values
  ('20000000-0000-0000-0000-000000000001', '10000000-0000-0000-0000-000000000001', 'Main Wall'),
  ('20000000-0000-0000-0000-000000000002', '10000000-0000-0000-0000-000000000001', 'Salamander Wall'),
  ('20000000-0000-0000-0000-000000000003', '10000000-0000-0000-0000-000000000001', 'Boulder Field'),
  ('20000000-0000-0000-0000-000000000004', '10000000-0000-0000-0000-000000000001', 'Upper Buttress'),
  ('20000000-0000-0000-0000-000000000005', '10000000-0000-0000-0000-000000000002', 'North Face'),
  ('20000000-0000-0000-0000-000000000006', '10000000-0000-0000-0000-000000000002', 'South Slabs'),
  ('20000000-0000-0000-0000-000000000007', '10000000-0000-0000-0000-000000000003', 'Seawall'),
  ('20000000-0000-0000-0000-000000000008', '10000000-0000-0000-0000-000000000004', 'Lake Cluster'),
  ('20000000-0000-0000-0000-000000000009', '10000000-0000-0000-0000-000000000004', 'Forest Cluster'),
  ('20000000-0000-0000-0000-000000000010', '10000000-0000-0000-0000-000000000005', 'Lower Bluff'),
  ('20000000-0000-0000-0000-000000000011', '10000000-0000-0000-0000-000000000005', 'Upper Bluff'),
  ('20000000-0000-0000-0000-000000000012', '10000000-0000-0000-0000-000000000006', 'Roadside Wall')
on conflict (id) do update set
  crag_id = excluded.crag_id,
  name = excluded.name;

-- Routes. Edit these rows to maintain the guidebook catalog.
insert into public.routes (
  id,
  wall_id,
  name,
  grade,
  route_type,
  pitch_type,
  angle,
  height_meters,
  bolts,
  gear_notes,
  route_length,
  rope_length,
  top_rope,
  location,
  description,
  approach_notes,
  descent_notes,
  danger_info,
  rating
) values
  (
    '30000000-0000-0000-0000-000000000001',
    '20000000-0000-0000-0000-000000000001',
    'Vampire in the Sun',
    '5.10a',
    'sport',
    'single_pitch',
    'Vertical',
    24,
    10,
    '10 quickdraws plus anchor gear.',
    24,
    60,
    false,
    st_setsrid(st_makepoint(-123.56344, 48.43989), 4326)::geography,
    'A clean Mount Macdonald line with sunny movement.',
    'Park at the Mount Macdonald pullout and follow the orange approach line to Main Wall.',
    'Lower from anchors.',
    'Loose gravel near the base after rain. Helmets recommended while parties are above.',
    4.9
  ),
  (
    '30000000-0000-0000-0000-000000000002',
    '20000000-0000-0000-0000-000000000001',
    'New Route For Old Men',
    '5.10c',
    'sport',
    'single_pitch',
    'Vertical',
    22,
    9,
    '9 quickdraws plus anchor gear.',
    22,
    60,
    false,
    st_setsrid(st_makepoint(-123.56348, 48.43991), 4326)::geography,
    'Technical climbing with a thoughtful finish.',
    'Same parking as Main Wall. Stay on the main trail until the final short turnoff.',
    'Lower from chains.',
    'Watch for wet streaks after storms. The upper ledge can collect small stones.',
    4.6
  ),
  (
    '30000000-0000-0000-0000-000000000003',
    '20000000-0000-0000-0000-000000000001',
    'Rain Shadow',
    '5.11a',
    'sport',
    'single_pitch',
    'Slightly overhung',
    25,
    11,
    '11 quickdraws plus anchor gear.',
    25,
    60,
    false,
    st_setsrid(st_makepoint(-123.56350, 48.43993), 4326)::geography,
    'Endurance climbing through pockets and a thin finish.',
    'Approach Main Wall, then continue right along the base.',
    'Lower from fixed anchors.',
    'Can seep after long rain cycles.',
    4.7
  ),
  (
    '30000000-0000-0000-0000-000000000004',
    '20000000-0000-0000-0000-000000000002',
    'Sexagenarian',
    '5.9+',
    'trad',
    'single_pitch',
    'Vertical',
    20,
    8,
    'Small cams, nuts, and optional quickdraws for fixed gear.',
    20,
    60,
    false,
    st_setsrid(st_makepoint(-123.56351, 48.43995), 4326)::geography,
    'Friendly grade, good position, and a fun upper half.',
    'From parking, take the main approach, then trend left toward Salamander Wall.',
    'Lower from anchors.',
    'Base can be muddy. Give space to other parties on the narrow staging area.',
    4.2
  ),
  (
    '30000000-0000-0000-0000-000000000005',
    '20000000-0000-0000-0000-000000000002',
    'Newt Suit',
    '5.7',
    'trad',
    'single_pitch',
    'Low angle',
    18,
    0,
    'Light rack to #2, nuts.',
    18,
    60,
    true,
    st_setsrid(st_makepoint(-123.56353, 48.43996), 4326)::geography,
    'A mellow corner that is useful for warmups and practice placements.',
    'Trend left from Main Wall to the shaded corner.',
    'Lower from tree anchor or walk off if set up that way.',
    'Inspect trees and anchor condition.',
    3.9
  ),
  (
    '30000000-0000-0000-0000-000000000006',
    '20000000-0000-0000-0000-000000000003',
    'Moss Boss',
    'V4',
    'boulder',
    'boulder',
    'Overhung',
    4,
    0,
    'Two pads minimum.',
    4,
    0,
    false,
    st_setsrid(st_makepoint(-123.56322, 48.43983), 4326)::geography,
    'Powerful compression climbing on a compact bloc near the approach trail.',
    'From the parking pullout, stay low and cut right before Main Wall.',
    'Downclimb the slabby back side.',
    'Pads and spotters recommended. Landing is uneven.',
    4.4
  ),
  (
    '30000000-0000-0000-0000-000000000007',
    '20000000-0000-0000-0000-000000000003',
    'Fern Burn',
    'V2',
    'boulder',
    'boulder',
    'Slab',
    3,
    0,
    'One pad and a spotter.',
    3,
    0,
    false,
    st_setsrid(st_makepoint(-123.56318, 48.43981), 4326)::geography,
    'Balancey slab climbing on small feet.',
    'Same boulder field approach, first bloc on the left.',
    'Downclimb the back.',
    'Slippery when dusty or wet.',
    3.8
  ),
  (
    '30000000-0000-0000-0000-000000000008',
    '20000000-0000-0000-0000-000000000004',
    'Cedar Staircase',
    '5.8',
    'trad',
    'multi_pitch',
    'Low angle',
    72,
    0,
    'Light rack to #2, nuts, alpine draws.',
    72,
    60,
    false,
    st_setsrid(st_makepoint(-123.56362, 48.44005), 4326)::geography,
    'Moderate multipitch climbing with a scenic finish above the trees.',
    'Continue past Main Wall and scramble up to the Upper Buttress base.',
    'Walk off climber left on the marked descent trail.',
    'Route finding matters. Avoid parties above you on loose ledges.',
    4.5
  ),
  (
    '30000000-0000-0000-0000-000000000009',
    '20000000-0000-0000-0000-000000000004',
    'Raven Ledge',
    '5.10b',
    'trad',
    'multi_pitch',
    'Vertical',
    88,
    0,
    'Double rack to #3, nuts, alpine draws.',
    88,
    60,
    false,
    st_setsrid(st_makepoint(-123.56367, 48.44008), 4326)::geography,
    'A two-pitch corner and face line with a memorable ledge stance.',
    'Upper Buttress approach, then traverse right below the cedar ledge.',
    'Walk off climber left.',
    'Loose blocks on the second pitch. Helmets essential.',
    4.6
  ),
  (
    '30000000-0000-0000-0000-000000000010',
    '20000000-0000-0000-0000-000000000005',
    'Old Man''s Route',
    '5.8',
    'trad',
    'single_pitch',
    'Vertical',
    18,
    7,
    '7 quickdraws plus anchor gear.',
    18,
    60,
    true,
    st_setsrid(st_makepoint(-123.55990, 48.43912), 4326)::geography,
    'Approachable climbing on the North Face.',
    'From the shared parking, follow the low trail east to the North Face.',
    'Lower from fixed anchors.',
    'Check rock quality near the first bolt. Avoid climbing during heavy seepage.',
    4.0
  ),
  (
    '30000000-0000-0000-0000-000000000011',
    '20000000-0000-0000-0000-000000000005',
    'North Face Direct',
    '5.10d',
    'sport',
    'single_pitch',
    'Slightly overhung',
    21,
    10,
    '10 quickdraws plus anchor gear.',
    21,
    60,
    false,
    st_setsrid(st_makepoint(-123.55993, 48.43915), 4326)::geography,
    'A sustained direct line with powerful moves between rests.',
    'Follow the North Face trail and start at the obvious steep panel.',
    'Lower from chains.',
    'Watch for seepage in the first ten meters.',
    4.5
  ),
  (
    '30000000-0000-0000-0000-000000000012',
    '20000000-0000-0000-0000-000000000006',
    'Sunny Side Up',
    '5.6',
    'sport',
    'single_pitch',
    'Slab',
    16,
    6,
    '6 quickdraws plus anchor gear.',
    16,
    50,
    true,
    st_setsrid(st_makepoint(-123.55970, 48.43895), 4326)::geography,
    'Low-angle slab climbing that dries early.',
    'Take the south trail fork and look for the clean slab.',
    'Lower from anchors.',
    'Runout feeling between low-angle bolts.',
    3.7
  ),
  (
    '30000000-0000-0000-0000-000000000013',
    '20000000-0000-0000-0000-000000000007',
    'Tide Line',
    '5.9',
    'sport',
    'single_pitch',
    'Vertical',
    15,
    7,
    '7 quickdraws plus anchor gear.',
    15,
    50,
    false,
    st_setsrid(st_makepoint(-123.39920, 48.41490), 4326)::geography,
    'Technical seaside face climbing above the walkway.',
    'Walk from Fleming Beach parking to the obvious seawall section.',
    'Lower from anchors.',
    'Avoid high surf and wet rock.',
    4.1
  ),
  (
    '30000000-0000-0000-0000-000000000014',
    '20000000-0000-0000-0000-000000000007',
    'Harbour Seal',
    '5.11b',
    'sport',
    'single_pitch',
    'Overhung',
    17,
    8,
    '8 quickdraws plus anchor gear.',
    17,
    60,
    false,
    st_setsrid(st_makepoint(-123.39925, 48.41492), 4326)::geography,
    'A short power-endurance route with a steep crux.',
    'Same seawall approach, starts at the darker steep panel.',
    'Lower from mussy hooks.',
    'Salt air can affect hardware. Inspect before climbing.',
    4.6
  ),
  (
    '30000000-0000-0000-0000-000000000015',
    '20000000-0000-0000-0000-000000000008',
    'Lakeside Mantle',
    'V1',
    'boulder',
    'boulder',
    'Vertical',
    3,
    0,
    'One pad.',
    3,
    0,
    false,
    st_setsrid(st_makepoint(-123.46970, 48.45750), 4326)::geography,
    'A friendly mantle problem close to the lake trail.',
    'Follow the lakeside trail to the first cluster.',
    'Walk off the back.',
    'Keep pads off the main trail.',
    3.8
  ),
  (
    '30000000-0000-0000-0000-000000000016',
    '20000000-0000-0000-0000-000000000008',
    'Thetis Compression',
    'V5',
    'boulder',
    'boulder',
    'Overhung',
    4,
    0,
    'Two pads and a spotter.',
    4,
    0,
    false,
    st_setsrid(st_makepoint(-123.46975, 48.45754), 4326)::geography,
    'Compression climbing on slopers with a committing topout.',
    'Lake Cluster, uphill side of the trail.',
    'Top out and downclimb the tree side.',
    'Uneven landing. Spot carefully.',
    4.7
  ),
  (
    '30000000-0000-0000-0000-000000000017',
    '20000000-0000-0000-0000-000000000009',
    'Cedar Pinch',
    'V3',
    'boulder',
    'boulder',
    'Slightly overhung',
    4,
    0,
    'Two pads.',
    4,
    0,
    false,
    st_setsrid(st_makepoint(-123.47005, 48.45780), 4326)::geography,
    'Pinches and heel hooks on a shaded forest bloc.',
    'Continue past the lake cluster and turn inland.',
    'Downclimb the left arete.',
    'Moss returns quickly. Brush lightly.',
    4.2
  ),
  (
    '30000000-0000-0000-0000-000000000018',
    '20000000-0000-0000-0000-000000000010',
    'Fern Gully',
    '5.7',
    'trad',
    'single_pitch',
    'Low angle',
    20,
    0,
    'Small cams and nuts.',
    20,
    60,
    false,
    st_setsrid(st_makepoint(-123.54980, 48.46440), 4326)::geography,
    'A vegetated corner with good protection and a quiet setting.',
    'Forest trail to Lower Bluff, then left along the base.',
    'Walk off through forest ledges.',
    'Wet vegetation and loose dirt after rain.',
    3.6
  ),
  (
    '30000000-0000-0000-0000-000000000019',
    '20000000-0000-0000-0000-000000000011',
    'Goldstream Arete',
    '5.10a',
    'trad',
    'single_pitch',
    'Arete',
    24,
    0,
    'Rack to #3, nuts, long slings.',
    24,
    60,
    false,
    st_setsrid(st_makepoint(-123.55005, 48.46465), 4326)::geography,
    'An exposed arete with varied gear and great position.',
    'Continue to Upper Bluff and scramble to the arete base.',
    'Walk off climber right.',
    'Exposed topout. Avoid in high wind.',
    4.4
  ),
  (
    '30000000-0000-0000-0000-000000000020',
    '20000000-0000-0000-0000-000000000012',
    'Pullout Hero',
    '5.8',
    'sport',
    'single_pitch',
    'Vertical',
    18,
    7,
    '7 quickdraws plus anchor gear.',
    18,
    60,
    true,
    st_setsrid(st_makepoint(-123.62050, 48.41460), 4326)::geography,
    'Convenient roadside movement on friendly holds.',
    'Park fully off the road and walk carefully to the base.',
    'Lower from chains.',
    'Traffic exposure near parking.',
    3.9
  ),
  (
    '30000000-0000-0000-0000-000000000021',
    '20000000-0000-0000-0000-000000000012',
    'Sooke Squeeze',
    '5.11c',
    'sport',
    'single_pitch',
    'Overhung',
    19,
    9,
    '9 quickdraws plus anchor gear.',
    19,
    60,
    false,
    st_setsrid(st_makepoint(-123.62060, 48.41465), 4326)::geography,
    'A bouldery start leads to pumpy climbing above.',
    'Same roadside approach, right side of the wall.',
    'Lower from fixed anchors.',
    'Stick clip recommended for the first bolt.',
    4.5
  )
on conflict (id) do update set
  wall_id = excluded.wall_id,
  name = excluded.name,
  grade = excluded.grade,
  route_type = excluded.route_type,
  pitch_type = excluded.pitch_type,
  angle = excluded.angle,
  height_meters = excluded.height_meters,
  bolts = excluded.bolts,
  gear_notes = excluded.gear_notes,
  route_length = excluded.route_length,
  rope_length = excluded.rope_length,
  top_rope = excluded.top_rope,
  location = excluded.location,
  description = excluded.description,
  approach_notes = excluded.approach_notes,
  descent_notes = excluded.descent_notes,
  danger_info = excluded.danger_info,
  rating = excluded.rating;

commit;
